Category,Count,Percentage
ruptura,88,92.63157894736842
formato,4,4.2105263157894735
aritmetica,2,2.1052631578947367
interpretacion,1,1.0526315789473684
